ISPB,Nome_Reduzido,Número_Código,Participa_da_Compe,Acesso_Principal,Nome_Extenso,Início_da_Operação
00000000,BCO DO BRASIL S.A.,001,Sim,RSFN,Banco do Brasil S.A.,22/04/2002
00000208,BRB - BCO DE BRASILIA S.A.,070,Sim,RSFN,BRB - BANCO DE BRASILIA S.A.,22/04/2002
00038121,Selic,n/a,Não,RSFN,Banco Central do Brasil - Selic,22/04/2002
00038166,Bacen,n/a,Não,RSFN,Banco Central do Brasil,22/04/2002
00122327,SANTINVEST S.A. - CFI,539,Não,RSFN,"SANTINVEST S.A. - CREDITO, FINANCIAMENTO E INVESTIMENTOS",17/04/2023
00204963,CCR SEARA,430,Sim,RSFN,COOPERATIVA DE CREDITO RURAL SEARA - CREDISEARA,27/08/2021
00250699,AGK CC S.A.,272,Não,RSFN,AGK CORRETORA DE CAMBIO S.A.,21/11/2018
00315557,CONF NAC COOP CENTRAIS UNICRED,136,Sim,RSFN,CONFEDERAÇÃO NACIONAL DAS COOPERATIVAS CENTRAIS UNICRED LTDA. - UNICRED DO BRASIL.,28/07/2014
00329598,SEFER INVESTIMENTOS DTVM LTDA,407,Não,RSFN,SEFER INVESTIMENTOS DISTRIBUIDORA DE TÍTULOS E VALORES MOBILIÁRIOS LTDA,22/02/2021
00360305,CAIXA ECONOMICA FEDERAL,104,Sim,RSFN,CAIXA ECONOMICA FEDERAL,22/04/2002
00394460,STN,n/a,Não,RSFN,Secretaria do Tesouro Nacional - STN,22/04/2002
00416968,BANCO INTER,077,Sim,RSFN,Banco Inter S.A.,15/08/2008
00460065,COLUNA S.A. DTVM,423,Não,RSFN,COLUNA S/A DISTRIBUIDORA DE TITULOS E VALORES MOBILIÁRIOS,07/06/2021
00517645,BCO RIBEIRAO PRETO S.A.,741,Sim,RSFN,BANCO RIBEIRAO PRETO S.A.,22/04/2002
00556603,BANCO BARI S.A.,330,Não,RSFN,BANCO BARI DE INVESTIMENTOS E FINANCIAMENTOS S.A.,22/07/2019
00714671,EWALLY IP S.A.,534,Não,RSFN,EWALLY INSTITUIÇÃO DE PAGAMENTO S.A.,03/04/2023
00795423,BANCO SEMEAR,743,Sim,RSFN,Banco Semear S.A.,22/04/2002
00806535,PLANNER CV S.A.,100,Não,RSFN,Planner Corretora de Valores S.A.,27/04/2011
00954288,FDO GARANTIDOR CRÉDITOS,541,Não,RSFN,FUNDO GARANTIDOR DE CREDITOS - FGC,08/03/2023
00997185,BCO B3 S.A.,096,Não,RSFN,Banco B3 S.A.,12/11/2004
01023570,BCO RABOBANK INTL BRASIL S.A.,747,Não,RSFN,Banco Rabobank International Brasil S.A.,22/04/2002
01027058,CIELO IP S.A.,362,Não,RSFN,CIELO S.A. - INSTITUIÇÃO DE PAGAMENTO,17/07/2020
01073966,CCR DE ABELARDO LUZ,322,Sim,RSFN,Cooperativa de Crédito Rural de Abelardo Luz - Sulcredi/Crediluz,14/06/2019
01181521,BCO COOPERATIVO SICREDI S.A.,748,Sim,RSFN,BANCO COOPERATIVO SICREDI S.A.,22/04/2002
01235921,SICRES,578,Não,RSFN,COOPERATIVA DE CRÉDITO DOS SERVIDORES PÚBLICOS MUNICIPAIS DA GRANDE VITÓRIA/ES,25/04/2024
01330387,COOP DE AGRICULTORES E AEROPORTUÁRIOS DO BRASIL,350,Não,RSFN,"COOPERATIVA DE CRÉDITO, POUPANÇA E SERVIÇOS FINANCEIROS DE AGRICULTORES E AEROPORTUÁRIOS DO BRASIL - CREHNOR",27/05/2020
01522368,BCO BNP PARIBAS BRASIL S A,752,Sim,RSFN,Banco BNP Paribas Brasil S.A.,22/04/2002
01658426,CECM COOPERFORTE,379,Não,RSFN,COOPERFORTE - COOPERATIVA DE ECONOMIA E CRÉDITO MÚTUO DE FUNCIONÁRIOS DE INSTITUIÇÕES FINANCEIRAS PÚBLICAS FEDERAIS LTDA.,01/09/2020
01701201,Kirton Bank,399,Não,RSFN,Kirton Bank S.A. - Banco Múltiplo,22/04/2002
01852137,BCO BRASILEIRO DE CRÉDITO S.A.,378,Não,RSFN,BANCO BRASILEIRO DE CRÉDITO SOCIEDADE ANÔNIMA,11/09/2020
01858774,BCO BV S.A.,413,Não,RSFN,BANCO BV S.A.,21/05/2021
02038232,BANCO SICOOB S.A.,756,Sim,RSFN,BANCO COOPERATIVO SICOOB S.A. - BANCO SICOOB,22/04/2002
02276653,TRINUS CAPITAL DTVM,360,Não,RSFN,TRINUS CAPITAL DISTRIBUIDORA DE TÍTULOS E VALORES MOBILIÁRIOS S.A.,16/07/2020
02318507,BCO KEB HANA DO BRASIL S.A.,757,Sim,RSFN,BANCO KEB HANA DO BRASIL S.A.,22/04/2002
02332886,XP INVESTIMENTOS CCTVM S/A,102,Não,RSFN,"XP INVESTIMENTOS CORRETORA DE CÂMBIO,TÍTULOS E VALORES MOBILIÁRIOS S/A",22/11/2011
02398976,SISPRIME DO BRASIL - COOP,084,Sim,RSFN,SISPRIME DO BRASIL - COOPERATIVA DE CRÉDITO,24/11/2009
02682287,PAN CFI,555,Não,RSFN,"PAN FINANCEIRA S.A. - CRÉDITO, FINANCIAMENTO E INVESTIMENTOS",03/07/2023
02685483,CM CAPITAL MARKETS CCTVM LTDA,180,Não,RSFN,"CM CAPITAL MARKETS CORRETORA DE CÂMBIO, TÍTULOS E VALORES MOBILIÁRIOS LTDA",20/01/2017
02801938,BCO MORGAN STANLEY S.A.,066,Não,RSFN,BANCO MORGAN STANLEY S.A.,22/04/2002
02819125,UBS BRASIL CCTVM S.A.,015,Não,RSFN,"UBS Brasil Corretora de Câmbio, Títulos e Valores Mobiliários S.A.",15/03/2011
02992317,TREVISO CC S.A.,143,Não,RSFN,Treviso Corretora de Câmbio S.A.,24/08/2015
02992335,CIP SA Siloc,n/a,Não,RSFN,CIP S.A,13/02/2004
03012230,HIPERCARD BM S.A.,062,Sim,RSFN,Hipercard Banco Múltiplo S.A.,22/04/2002
03017677,BCO. J.SAFRA S.A.,074,Sim,RSFN,Banco J. Safra S.A.,26/08/2004
03046391,UNIPRIME COOPCENTRAL LTDA.,099,Sim,RSFN,UNIPRIME CENTRAL NACIONAL - CENTRAL NACIONAL DE COOPERATIVA DE CREDITO,11/01/2011
03215790,BCO TOYOTA DO BRASIL S.A.,387,Não,RSFN,Banco Toyota do Brasil S.A.,21/07/2020
03311443,PARATI - CFI S.A.,326,Não,RSFN,"PARATI - CREDITO, FINANCIAMENTO E INVESTIMENTO S.A.",07/01/2020
03323840,BCO ALFA S.A.,025,Sim,RSFN,Banco Alfa S.A.,22/04/2002
03532415,BCO ABN AMRO S.A.,075,Não,RSFN,Banco ABN Amro S.A.,11/11/2005
03609817,BCO CARGILL S.A.,040,Não,RSFN,Banco Cargill S.A.,22/04/2002
03751794,TERRA INVESTIMENTOS DTVM,307,Não,RSFN,Terra Investimentos Distribuidora de Títulos e Valores Mobiliários Ltda.,25/10/2018
03844699,CECM DOS TRAB.PORT. DA G.VITOR,385,Não,RSFN,COOPERATIVA DE ECONOMIA E CREDITO MUTUO DOS TRABALHADORES PORTUARIOS DA GRANDE VITORIA - CREDESTIVA.,08/03/2022
03881423,SOCINAL S.A. CFI,425,Não,RSFN,"SOCINAL S.A. - CRÉDITO, FINANCIAMENTO E INVESTIMENTO",27/07/2021
03973814,SERVICOOP,190,Não,RSFN,SERVICOOP - COOPERATIVA DE CRÉDITO DOS SERVIDORES PÚBLICOS ESTADUAIS E MUNICIPAIS DO RIO GRANDE DO SUL,16/10/2017
04062902,OZ CORRETORA DE CÂMBIO S.A.,296,Não,RSFN,OZ CORRETORA DE CÂMBIO S.A.,11/02/2019
04184779,BANCO BRADESCARD,063,Sim,RSFN,Banco Bradescard S.A.,22/04/2002
04257795,NOVA FUTURA CTVM LTDA.,191,Não,RSFN,Nova Futura Corretora de Títulos e Valores Mobiliários Ltda.,22/06/2017
04307598,FIDUCIA SCMEPP LTDA,382,Não,RSFN,FIDÚCIA SOCIEDADE DE CRÉDITO AO MICROEMPREENDEDOR E À EMPRESA DE PEQUENO PORTE LIMITADA.,31/07/2020
04332281,GOLDMAN SACHS DO BRASIL BM S.A,064,Não,RSFN,GOLDMAN SACHS DO BRASIL BANCO MULTIPLO S.A.,22/04/2002
04391007,CIP SA Sitraf,n/a,Não,RSFN,CIP S.A,27/11/2002
04632856,CREDISIS - CENTRAL DE COOPERATIVAS DE CRÉDITO LTDA.,097,Sim,RSFN,Credisis - Central de Cooperativas de Crédito Ltda.,08/02/2011
04715685,CCM DESP TRÂNS SC E RS,016,Não,RSFN,COOPERATIVA DE CRÉDITO MÚTUO DOS DESPACHANTES DE TRÂNSITO DE SANTA CATARINA E RIO GRANDE DO SUL - SICOOB CREDITRAN,08/05/2012
04814563,BCO AFINZ S.A. - BM,299,Não,RSFN,BANCO AFINZ S.A. - BANCO MÚLTIPLO,03/12/2018
04831810,CECM SERV PUBL PINHÃO,471,Não,RSFN,COOPERATIVA DE ECONOMIA E CREDITO MUTUO DOS SERVIDORES PUBLICOS DE PINHÃO - CRESERV-PINHÃO,18/07/2022
04849745,FACILICRED SCM LTDA,540,Não,RSFN,FACILICRED SOCIEDADE DE CRÉDITO AO MICROEMPREENDEDOR LTDA,08/01/2024
04866275,BANCO INBURSA,012,Não,RSFN,Banco Inbursa S.A.,04/05/2017
04902979,BCO DA AMAZONIA S.A.,003,Sim,RSFN,BANCO DA AMAZONIA S.A.,22/04/2002
04913129,CONFIDENCE CC S.A.,060,Não,Internet,Confidence Corretora de Câmbio S.A.,21/09/2010
04913711,BCO DO EST. DO PA S.A.,037,Sim,RSFN,Banco do Estado do Pará S.A.,22/04/2002
05351887,ZEMA CFI S/A,359,Não,RSFN,"ZEMA CRÉDITO, FINANCIAMENTO E INVESTIMENTO S/A",10/06/2020
05442029,CASA CREDITO S.A. SCM,159,Não,RSFN,Casa do Crédito S.A. Sociedade de Crédito ao Microempreendedor,04/09/2017
05463212,COOPCENTRAL AILOS,085,Sim,RSFN,Cooperativa Central de Crédito - Ailos,17/05/2010
05491616,COOP CREDITAG,400,Não,RSFN,"COOPERATIVA DE CRÉDITO, POUPANÇA E SERVIÇOS FINANCEIROS",24/02/2021
05676026,CREDIARE CFI S.A.,429,Não,RSFN,"Crediare S.A. - Crédito, financiamento e investimento",08/09/2021
05684234,PLANNER SOCIEDADE DE CRÉDITO DIRETO,410,Não,RSFN,PLANNER SOCIEDADE DE CRÉDITO DIRETO S.A.,17/02/2021
05841967,CECM FABRIC CALÇADOS SAPIRANGA,328,Não,RSFN,COOPERATIVA DE ECONOMIA E CRÉDITO MÚTUO DOS FABRICANTES DE CALÇADOS DE SAPIRANGA LTDA.,22/03/2021
06249129,RPW S.A. SCFI,548,Não,RSFN,"RPW S/A SOCIEDADE DE CRÉDITO, FINANCIAMENTO E INVESTIMENTO",29/05/2023
06271464,BCO BBI S.A.,036,Sim,RSFN,Banco Bradesco BBI S.A.,22/04/2002
07138049,PICPAY INVEST,469,Não,RSFN,PICPAY INVEST DISTRIBUIDORA DE TÍTULOS E VALORES MOBILIÁRIOS LTDA,09/03/2022
07207996,BCO BRADESCO FINANC. S.A.,394,Sim,RSFN,Banco Bradesco Financiamentos S.A.,22/04/2002
07237373,BCO DO NORDESTE DO BRASIL S.A.,004,Sim,RSFN,Banco do Nordeste do Brasil S.A.,22/04/2002
07253654,HEDGE INVESTMENTS DTVM LTDA.,458,Não,RSFN,HEDGE INVESTMENTS DISTRIBUIDORA DE TÍTULOS E VALORES MOBILIÁRIOS LTDA.,08/09/2021
07450604,BCO CCB BRASIL S.A.,320,Sim,RSFN,China Construction Bank (Brasil) Banco Múltiplo S/A,22/04/2002
07512441,HS FINANCEIRA,189,Não,RSFN,"HS FINANCEIRA S/A CREDITO, FINANCIAMENTO E INVESTIMENTOS",05/06/2017
07652226,LECCA CFI S.A.,105,Não,RSFN,"Lecca Crédito, Financiamento e Investimento S/A",27/12/2011
07656500,BCO KDB BRASIL S.A.,076,Não,RSFN,Banco KDB do Brasil S.A.,10/04/2006
07679404,BANCO TOPÁZIO S.A.,082,Não,RSFN,BANCO TOPÁZIO S.A.,12/06/2009
07693858,HSCM SCMEPP LTDA.,312,Não,RSFN,HSCM - SOCIEDADE DE CRÉDITO AO MICROEMPREENDEDOR E À EMPRESA DE PEQUENO PORTE LTDA.,09/02/2021
07799277,VALOR SCD S.A.,195,Não,RSFN,VALOR SOCIEDADE DE CRÉDITO DIRETO S.A.,09/08/2021
07945233,POLOCRED SCMEPP LTDA.,093,Não,RSFN,PÓLOCRED   SOCIEDADE DE CRÉDITO AO MICROEMPREENDEDOR E À EMPRESA DE PEQUENO PORTE LTDA.,09/11/2010
08240446,CCR DE IBIAM,391,Não,RSFN,COOPERATIVA DE CREDITO RURAL DE IBIAM - SULCREDI/IBIAM,10/07/2020
08253539,CCR DE SÃO MIGUEL DO OESTE,273,Não,RSFN,Cooperativa de Crédito Rural de São Miguel do Oeste - Sulcredi/São Miguel,24/04/2018
08357240,BCO CSF S.A.,368,Não,RSFN,Banco CSF S.A.,25/05/2020
08561701,PAGSEGURO INTERNET IP S.A.,290,Não,RSFN,PAGSEGURO INTERNET INSTITUIÇÃO DE PAGAMENTO S.A.,07/11/2018
08609934,MONEYCORP BCO DE CÂMBIO S.A.,259,Não,RSFN,MONEYCORP BANCO DE CÂMBIO S.A.,27/01/2020
08673569,F D GOLD DTVM LTDA,395,Não,RSFN,F.D'GOLD - DISTRIBUIDORA DE TÍTULOS E VALORES MOBILIÁRIOS LTDA.,01/12/2020
09089356,EFÍ S.A. - IP,364,Não,RSFN,EFÍ S.A. - INSTITUIÇÃO DE PAGAMENTO,16/03/2020
09105360,ICAP DO BRASIL CTVM LTDA.,157,Não,RSFN,ICAP do Brasil Corretora de Títulos e Valores Mobiliários Ltda.,12/02/2016
09210106,SOCRED SA - SCMEPP,183,Não,RSFN,SOCRED S.A. - SOCIEDADE DE CRÉDITO AO MICROEMPREENDEDOR E À EMPRESA DE PEQUENO PORTE,12/06/2017
09274232,STATE STREET BR S.A. BCO COMERCIAL,014,Não,RSFN,STATE STREET BRASIL S.A. - BANCO COMERCIAL,08/08/2008
09313766,CARUANA SCFI,130,Não,RSFN,"CARUANA S.A. - SOCIEDADE DE CRÉDITO, FINANCIAMENTO E INVESTIMENTO",12/08/2013
09464032,MIDWAY S.A. - SCFI,358,Não,RSFN,"MIDWAY S.A. - CRÉDITO, FINANCIAMENTO E INVESTIMENTO",01/02/2021
09512542,CODEPE CVC S.A.,127,Não,Internet,Codepe Corretora de Valores e Câmbio S.A.,09/11/2012
09516419,PICPAY BANK - BANCO MÚLTIPLO S.A,079,Não,RSFN,PICPAY BANK - BANCO MÚLTIPLO S.A,25/07/2008
09526594,MASTER BI S.A.,141,Não,RSFN,BANCO MASTER DE INVESTIMENTO S.A.,20/03/2023
09554480,SUPERDIGITAL I.P. S.A.,340,Não,RSFN,SUPERDIGITAL INSTITUIÇÃO DE PAGAMENTO S.A.,25/09/2019
10264663,BANCOSEGURO S.A.,081,Não,RSFN,BancoSeguro S.A.,24/10/2008
10371492,BCO YAMAHA MOTOR S.A.,475,Não,RSFN,Banco Yamaha Motor do Brasil S.A.,05/09/2022
10398952,CRESOL CONFEDERAÇÃO,133,Sim,RSFN,CONFEDERAÇÃO NACIONAL DAS COOPERATIVAS CENTRAIS DE CRÉDITO E ECONOMIA FAMILIAR E SOLIDÁRIA - CRESOL CONFEDERAÇÃO,02/05/2016
10573521,MERCADO PAGO IP LTDA.,323,Não,RSFN,MERCADO PAGO INSTITUIÇÃO DE PAGAMENTO LTDA.,24/06/2019
10663610,AF DESENVOLVE SP S.A.,577,Não,RSFN,DESENVOLVE SP - AGÊNCIA DE FOMENTO DO ESTADO DE SÃO PAULO S.A.,15/03/2024
10664513,BCO AGIBANK S.A.,121,Não,RSFN,Banco Agibank S.A.,04/04/2012
10690848,BCO DA CHINA BRASIL S.A.,083,Sim,RSFN,Banco da China Brasil S.A.,14/07/2009
10853017,GET MONEY CC LTDA,138,Não,Internet,Get Money Corretora de Câmbio S.A.,14/07/2014
10866788,BCO BANDEPE S.A.,024,Não,RSFN,Banco Bandepe S.A.,22/04/2002
11165756,GLOBAL SCM LTDA,384,Não,RSFN,GLOBAL FINANÇAS SOCIEDADE DE CRÉDITO AO MICROEMPREENDEDOR E À EMPRESA DE PEQUENO PORTE LTDA.,13/10/2020
11285104,NEON FINANCEIRA - CFI S.A.,426,Não,RSFN,"NEON FINANCEIRA - CRÉDITO, FINANCIAMENTO E INVESTIMENTO S.A.",21/05/2021
11351086,MERCADO BITCOIN IP LTDA,576,Não,RSFN,MERCADO BITCOIN INSTITUICAO DE PAGAMENTO LTDA,01/04/2024
11476673,BANCO RANDON S.A.,088,Não,RSFN,BANCO RANDON S.A.,03/08/2020
11495073,OM DTVM LTDA,319,Não,Internet,OM DISTRIBUIDORA DE TÍTULOS E VALORES MOBILIÁRIOS LTDA,01/03/2019
11581339,BMP SCMEPP LTDA,274,Não,RSFN,BMP SOCIEDADE DE CRÉDITO AO MICROEMPREENDEDOR E A EMPRESA DE PEQUENO PORTE LTDA.,10/09/2019
11703662,TRAVELEX BANCO DE CÂMBIO S.A.,095,Não,RSFN,Travelex Banco de Câmbio S.A.,22/06/2010
11758741,BANCO FINAXIS,094,Não,RSFN,Banco Finaxis S.A.,23/08/2010
11760553,GAZINCRED S.A. SCFI,478,Não,RSFN,"GAZINCRED S.A. SOCIEDADE DE CRÉDITO, FINANCIAMENTO E INVESTIMENTO",21/03/2022
11970623,BCO SENFF S.A.,276,Não,RSFN,BANCO SENFF S.A.,12/06/2018
12392983,MIRAE ASSET (BRASIL) CCTVM LTDA.,447,Não,RSFN,"MIRAE ASSET (BRASIL) CORRETORA DE CÂMBIO, TÍTULOS  E VALORES MOBILIÁRIOS LTDA.",27/09/2021
12473687,CONTA PRONTA IP,569,Não,RSFN,CONTA PRONTA INSTITUICAO DE PAGAMENTO LTDA,31/10/2023
13009717,BCO DO EST. DE SE S.A.,047,Sim,RSFN,Banco do Estado de Sergipe S.A.,22/04/2002
13059145,EBURY BCO DE CÂMBIO S.A.,144,Não,RSFN,EBURY BANCO DE CÂMBIO S.A.,23/05/2016
13140088,ACESSO SOLUÇÕES DE PAGAMENTO S.A. - INSTITUIÇÃO DE PAGAMENTO,332,Não,RSFN,ACESSO SOLUÇÕES DE PAGAMENTO S.A. - INSTITUIÇÃO DE PAGAMENTO,16/08/2019
13203354,FITBANK IP,450,Não,RSFN,FITBANK INSTITUIÇÃO DE PAGAMENTOS ELETRÔNICOS S.A.,30/06/2021
13220493,BR PARTNERS BI,126,Não,RSFN,BR Partners Banco de Investimento S.A.,04/01/2013
13293225,ÓRAMA DTVM S.A.,325,Não,RSFN,Órama Distribuidora de Títulos e Valores Mobiliários S.A.,31/05/2019
13370835,DOCK IP S.A.,301,Não,RSFN,DOCK INSTITUIÇÃO DE PAGAMENTO S.A.,26/09/2018
13486793,BRL TRUST DTVM SA,173,Não,RSFN,BRL Trust Distribuidora de Títulos e Valores Mobiliários S.A.,28/11/2016
13673855,FRAM CAPITAL DTVM S.A.,331,Não,RSFN,Fram Capital Distribuidora de Títulos e Valores Mobiliários S.A.,27/09/2019
13720915,BCO WESTERN UNION,119,Não,RSFN,Banco Western Union do Brasil S.A.,10/10/2011
13884775,HUB IP S.A.,396,Não,RSFN,HUB INSTITUIÇÃO DE PAGAMENTO S.A.,13/08/2020
13935893,CELCOIN IP S.A.,509,Não,RSFN,CELCOIN INSTITUICAO DE PAGAMENTO S.A.,23/01/2023
14388334,PARANA BCO S.A.,254,Sim,RSFN,PARANÁ BANCO S.A.,22/04/2002
14511781,BARI CIA HIPOTECÁRIA,268,Não,Internet,BARI COMPANHIA HIPOTECÁRIA,21/12/2017
15111975,IUGU IP S.A.,401,Não,RSFN,IUGU INSTITUIÇÃO DE PAGAMENTO S.A.,03/11/2020
15114366,BCO BOCOM BBM S.A.,107,Sim,RSFN,Banco Bocom BBM S.A.,22/04/2002
15124464,BANCO BESA S.A.,334,Não,RSFN,BANCO BESA S.A.,22/02/2023
15173776,SOCIAL BANK S/A,412,Não,RSFN,SOCIAL BANK BANCO MÚLTIPLO S/A,22/04/2002
15357060,BCO WOORI BANK DO BRASIL S.A.,124,Sim,RSFN,Banco Woori Bank do Brasil S.A.,09/08/2012
15489568,INTRA DTVM,549,Não,RSFN,INTRA INVESTIMENTOS DISTRIBUIDORA DE TÍTULOS E VALORES MOBILIÁRIOS LTDA,19/06/2023
15581638,FACTA S.A. CFI,149,Não,RSFN,Facta Financeira S.A. - Crédito Financiamento e Investimento,08/07/2015
16501555,STONE IP S.A.,197,Não,RSFN,STONE INSTITUIÇÃO DE PAGAMENTO S.A.,18/10/2017
16695922,ID CTVM,439,Não,RSFN,ID CORRETORA DE TÍTULOS E VALORES MOBILIÁRIOS S.A.,30/09/2021
16944141,BROKER BRASIL CC LTDA.,142,Não,RSFN,Broker Brasil Corretora de Câmbio Ltda.,23/06/2015
17079937,PINBANK IP,529,Não,RSFN,PINBANK BRASIL INSTITUIÇÃO DE PAGAMENTO S.A.,16/11/2022
17184037,BCO MERCANTIL DO BRASIL S.A.,389,Sim,RSFN,Banco Mercantil do Brasil S.A.,22/04/2002
17298092,BCO ITAÚ BBA S.A.,184,Não,RSFN,Banco Itaú BBA S.A.,22/04/2002
17351180,BCO TRIANGULO S.A.,634,Sim,RSFN,BANCO TRIANGULO S.A.,22/04/2002
17352220,SENSO CCVM S.A.,545,Não,Internet,SENSO CORRETORA DE CAMBIO E VALORES MOBILIARIOS S.A,27/09/2010
17453575,ICBC DO BRASIL BM S.A.,132,Não,RSFN,ICBC do Brasil Banco Múltiplo S.A.,26/09/2013
17772370,VIPS CC LTDA.,298,Não,Internet,Vip's Corretora de Câmbio Ltda.,15/08/2018
17826860,BMS SCD S.A.,377,Não,RSFN,BMS SOCIEDADE DE CRÉDITO DIRETO S.A.,01/10/2020
18188384,CREFAZ SCMEPP LTDA,321,Não,RSFN,CREFAZ SOCIEDADE DE CRÉDITO AO MICROEMPREENDEDOR E A EMPRESA DE PEQUENO PORTE LTDA.,11/06/2019
18189547,CLOUDWALK IP LTDA,542,Não,RSFN,CLOUDWALK INSTITUIÇÃO DE PAGAMENTO E SERVICOS LTDA,19/07/2023
18236120,NU PAGAMENTOS - IP,260,Não,RSFN,NU PAGAMENTOS S.A. - INSTITUIÇÃO DE PAGAMENTO,10/10/2017
18394228,CDC SCD S.A.,470,Não,RSFN,CDC SOCIEDADE DE CRÉDITO DIRETO S.A.,15/03/2022
18520834,UBS BRASIL BI S.A.,129,Não,RSFN,UBS Brasil Banco de Investimento S.A.,12/03/2014
18684408,AZIMUT BRASIL DTVM LTDA,562,Não,RSFN,AZIMUT BRASIL DISTRIBUIDORA DE TÍTULOS E VALORES MOBILIÁRIOS LTDA,08/01/2024
19307785,BRAZA BANK S.A. BCO DE CÂMBIO,128,Não,RSFN,BRAZA BANK S.A. BANCO DE CÂMBIO,27/04/2015
19324634,LAMARA SCD S.A.,416,Não,Internet,LAMARA SOCIEDADE DE CRÉDITO DIRETO S.A.,08/04/2021
19468242,ZOOP MEIOS DE PAGAMENTO,595,Não,RSFN,ZOOP TECNOLOGIA & INSTITUICAO DE PAGAMENTO S.A.,21/03/2024
19540550,ASAAS IP S.A.,461,Não,RSFN,ASAAS GESTÃO FINANCEIRA INSTITUIÇÃO DE PAGAMENTO S.A.,29/10/2021
20155248,UNIDA DTVM LTDA,194,Não,RSFN,UNIDA DISTRIBUIDORA DE TÍTULOS E VALORES MOBILIÁRIOS LTDA.,25/10/2017
20251847,SUDACRED SCMEPP LTDA,538,Não,RSFN,SUDACRED - SOCIEDADE DE CRÉDITO AO MICROEMPREENDEDOR E À EMPRESA DE PEQUENO PORTE LTDA.,08/05/2023
20308187,PROVER PROMOCAO DE VENDAS IP LTDA.,588,Não,RSFN,PROVER PROMOCAO DE VENDAS INSTITUICAO DE PAGAMENTO LTDA,04/03/2024
20757199,PAY4FUN IP S.A.,561,Não,RSFN,PAY4FUN INSTITUICAO DE PAGAMENTO S.A.,18/10/2023
20855875,NEON PAGAMENTOS S.A. IP,536,Não,RSFN,NEON PAGAMENTOS S.A. - INSTITUIÇÃO DE PAGAMENTO,12/01/2023
21018182,EBANX IP LTDA.,383,Não,RSFN,EBANX INSTITUICAO DE PAGAMENTOS LTDA.,09/07/2020
21332862,CARTOS SCD S.A.,324,Não,RSFN,CARTOS SOCIEDADE DE CRÉDITO DIRETO S.A.,16/09/2020
21995256,MAG IP LTDA.,560,Não,RSFN,MAG INSTITUICAO DE PAGAMENTO LTDA,17/10/2023
22575466,SRM BANK,533,Não,RSFN,SRM BANK INSTITUIÇÃO DE PAGAMENTO S/A,17/07/2023
22610500,VORTX DTVM LTDA.,310,Não,RSFN,VORTX DISTRIBUIDORA DE TITULOS E VALORES MOBILIARIOS LTDA.,18/10/2018
22896431,PICPAY,380,Não,RSFN,PICPAY INSTITUIçãO DE PAGAMENTO S.A.,15/10/2020
23114447,FLAGSHIP IP LTDA,566,Não,RSFN,FLAGSHIP INSTITUICAO DE PAGAMENTOS LTDA,30/10/2023
23862762,WILL FINANCEIRA S.A.CFI,280,Não,RSFN,"WILL FINANCEIRA S.A. CRÉDITO, FINANCIAMENTO E INVESTIMENTO",10/05/2018
24074692,GUITTA CC LTDA,146,Não,Internet,GUITTA CORRETORA DE CAMBIO LTDA.,20/05/2015
24537861,FFA SCMEPP LTDA.,343,Não,RSFN,FFA SOCIEDADE DE CRÉDITO AO MICROEMPREENDEDOR E À EMPRESA DE PEQUENO PORTE LTDA.,12/11/2019
27098060,BANCO DIGIO,335,Não,RSFN,Banco Digio S.A.,25/11/2019
27214112,AL5 S.A. CFI,349,Não,RSFN,"AL5 S.A. CRÉDITO, FINANCIAMENTO E INVESTIMENTO",24/10/2019
27302181,CRED-UFES,427,Não,RSFN,COOPERATIVA DE CREDITO DOS SERVIDORES DA UNIVERSIDADE FEDERAL DO ESPIRITO SANTO,26/04/2021
27351731,REALIZE CFI S.A.,374,Não,RSFN,"REALIZE CRÉDITO, FINANCIAMENTO E INVESTIMENTO S.A.",16/09/2020
27652684,GENIAL INVESTIMENTOS CVM S.A.,278,Não,RSFN,Genial Investimentos Corretora de Valores Mobiliários S.A.,14/05/2018
27842177,IB CCTVM S.A.,271,Não,RSFN,"IB Corretora de Câmbio, Títulos e Valores Mobiliários S.A.",26/02/2018
28127603,BCO BANESTES S.A.,021,Sim,RSFN,BANESTES S.A. BANCO DO ESTADO DO ESPIRITO SANTO,22/04/2002
28195667,BCO ABC BRASIL S.A.,246,Sim,RSFN,Banco ABC Brasil S.A.,22/04/2002
28650236,GALAPAGOS DTVM S.A.,292,Não,RSFN,GALAPAGOS CAPITAL DISTRIBUIDORA DE TÍTULOS E VALORES MOBILIÁRIOS S.A.,24/10/2018
28719664,Balcão B3,0,Não,RSFN,Sistema do Balcão B3,22/04/2002
28811341,STONEX BANCO DE CÂMBIO S.A.,554,Não,RSFN,STONEX BANCO DE CÂMBIO S.A.,24/07/2023
29011780,CIP SA C3,n/a,Não,RSFN,CIP S.A,30/01/2012
29030467,Scotiabank Brasil,751,Não,RSFN,Scotiabank Brasil S.A. Banco Múltiplo,22/04/2002
29162769,TORO CTVM S.A.,352,Não,RSFN,TORO CORRETORA DE TÍTULOS E VALORES MOBILIÁRIOS S.A.,29/11/2019
30306294,BANCO BTG PACTUAL S.A.,208,Sim,RSFN,Banco BTG Pactual S.A.,22/04/2002
30680829,NU FINANCEIRA S.A. CFI,386,Não,RSFN,"NU FINANCEIRA S.A. - Sociedade de Crédito, Financiamento e Investimento",12/01/2021
30723886,BCO MODAL S.A.,746,Sim,RSFN,Banco Modal S.A.,22/04/2002
30944783,PAGPRIME IP,557,Não,RSFN,PAGPRIME INSTITUICAO DE PAGAMENTO LTDA,23/10/2023
30980539,U4C INSTITUIÇÃO DE PAGAMENTO S.A.,546,Não,RSFN,U4C INSTITUIÇÃO DE PAGAMENTO S.A.,24/04/2023
31597552,BCO CLASSICO S.A.,241,Sim,RSFN,BANCO CLASSICO S.A.,22/04/2002
31749596,IDEAL CTVM S.A.,398,Não,RSFN,IDEAL CORRETORA DE TÍTULOS E VALORES MOBILIÁRIOS S.A.,11/01/2021
31872495,BCO C6 S.A.,336,Não,RSFN,Banco C6 S.A.,31/01/2019
31880826,BCO GUANABARA S.A.,612,Sim,RSFN,Banco Guanabara S.A.,22/04/2002
31895683,BCO INDUSTRIAL DO BRASIL S.A.,604,Sim,RSFN,Banco Industrial do Brasil S.A.,22/04/2002
32062580,BCO CREDIT SUISSE S.A.,505,Sim,RSFN,Banco Credit Suisse (Brasil) S.A.,22/04/2002
32074986,BEETELLER,550,Não,RSFN,BEETELLER INSTITUIÇÃO DE PAGAMENTO LTDA.,11/09/2023
32192325,UZZIPAY IP S.A.,552,Não,RSFN,UZZIPAY INSTITUIÇÃO DE PAGAMENTO S.A.,13/09/2023
32402502,QI SCD S.A.,329,Não,RSFN,QI Sociedade de Crédito Direto S.A.,30/04/2019
32648370,FAIR CC S.A.,196,Não,Internet,FAIR CORRETORA DE CAMBIO S.A.,11/09/2017
32997490,CREDITAS SCD,342,Não,RSFN,Creditas Sociedade de Crédito Direto S.A.,26/07/2019
33040601,CREDITAQUI FINANCEIRA S.A. - CFI,567,Não,Internet,"CREDITAQUI FINANCEIRA S.A. - CRÉDITO, FINANCIAMENTO E INVESTIMENTO",28/08/2023
33042151,BCO LA NACION ARGENTINA,300,Sim,RSFN,Banco de la Nacion Argentina,22/04/2002
33042953,CITIBANK N.A.,477,Sim,RSFN,Citibank N.A.,22/04/2002
33132044,BCO CEDULA S.A.,266,Sim,RSFN,BANCO CEDULA S.A.,22/04/2002
33147315,BCO BRADESCO BERJ S.A.,122,Sim,RSFN,Banco Bradesco BERJ S.A.,08/11/2011
33172537,BCO J.P. MORGAN S.A.,376,Não,RSFN,BANCO J.P. MORGAN S.A.,22/04/2002
33264668,BCO XP S.A.,348,Não,RSFN,Banco XP S.A.,01/11/2019
33466988,BCO CAIXA GERAL BRASIL S.A.,473,Não,RSFN,Banco Caixa Geral - Brasil S.A.,31/03/2009
33479023,BCO CITIBANK S.A.,745,Sim,RSFN,Banco Citibank S.A.,22/04/2002
33603457,BCO RODOBENS S.A.,120,Sim,RSFN,BANCO RODOBENS S.A.,06/02/2012
33644196,BCO FATOR S.A.,265,Sim,RSFN,Banco Fator S.A.,22/04/2002
33657248,BNDES,007,Não,RSFN,BANCO NACIONAL DE DESENVOLVIMENTO ECONOMICO E SOCIAL,30/06/2014
33667205,CCC POUP INV DO CENTRO NORTE DO BRASIL,583,Não,RSFN,"COOPERATIVA CENTRAL DE CRÉDITO, POUPANÇA E INVESTIMENTO DO CENTRO NORTE DO BRASIL - CENTRAL SICREDI CENTRO NORTE",15/03/2024
33737818,"CCC POUP INV DE MS, GO, DF E TO",582,Não,RSFN,"COOPERATIVA CENTRAL DE CRÉDITO, POUPANÇA E INVESTIMENTO DE MATO GROSSO DO SUL, GOIÁS, DISTRITO FEDERAL E TOCANTINS - CENTRAL SICREDI BRASIL CENTRAL",08/03/2024
33775974,ATIVA S.A. INVESTIMENTOS CCTVM,188,Não,RSFN,"ATIVA INVESTIMENTOS S.A. CORRETORA DE TÍTULOS, CÂMBIO E VALORES",28/07/2017
33862244,BGC LIQUIDEZ DTVM LTDA,134,Não,RSFN,BGC LIQUIDEZ DISTRIBUIDORA DE TÍTULOS E VALORES MOBILIÁRIOS LTDA,28/07/2014
33885724,BANCO ITAÚ CONSIGNADO S.A.,029,Não,RSFN,Banco Itaú Consignado S.A.,22/04/2002
33886862,MASTER S/A CCTVM,467,Não,RSFN,"MASTER S/A CORRETORA DE CâMBIO, TíTULOS E VALORES MOBILIáRIOS",16/12/2021
33923798,BANCO MASTER,243,Sim,RSFN,BANCO MASTER S/A,22/04/2002
34088029,LISTO SCD S.A.,397,Não,RSFN,LISTO SOCIEDADE DE CREDITO DIRETO S.A.,15/10/2020
34111187,HAITONG BI DO BRASIL S.A.,078,Não,RSFN,Haitong Banco de Investimento do Brasil S.A.,31/07/2008
34265629,INTERCAM CC LTDA,525,Não,RSFN,INTERCAM CORRETORA DE CÂMBIO LTDA.,05/12/2022
34335592,ÓTIMO SCD S.A.,355,Não,Internet,ÓTIMO SOCIEDADE DE CRÉDITO DIRETO S.A.,21/10/2019
34337707,BMP SCD S.A.,531,Não,RSFN,BMP SOCIEDADE DE CRÉDITO DIRETO S.A,22/05/2023
34747388,ISSUER IP LTDA.,597,Não,RSFN,ISSUER INSTITUICAO DE PAGAMENTO LTDA.,08/03/2024
34829992,REAG DTVM S.A.,528,Não,RSFN,REAG DISTRIBUIDORA DE TÍTULOS E VALORES MOBILIÁRIOS S.A.,06/03/2023
35551187,PLANTAE CFI,445,Não,RSFN,"PLANTAE S.A. - CRÉDITO, FINANCIAMENTO E INVESTIMENTO",23/06/2021
35810871,Z1 IP LTDA.,586,Não,RSFN,Z1 INSTITUIÇÃO DE PAGAMENTO LTDA.,21/02/2024
35977097,UP.P SEP S.A.,373,Não,RSFN,UP.P SOCIEDADE DE EMPRÉSTIMO ENTRE PESSOAS S.A.,25/03/2020
36113876,OLIVEIRA TRUST DTVM S.A.,111,Não,RSFN,OLIVEIRA TRUST DISTRIBUIDORA DE TÍTULOS E VALORES MOBILIARIOS S.A.,24/03/2011
36266751,FINVEST DTVM,512,Não,RSFN,FINVEST DISTRIBUIDORA DE TÍTULOS E VALORES MOBILIÁRIOS LTDA.,01/08/2022
36583700,QISTA S.A. CFI,516,Não,RSFN,"QISTA S.A. - CRÉDITO, FINANCIAMENTO E INVESTIMENTO",24/10/2022
36586946,BONUSPAGO SCD S.A.,408,Não,RSFN,BONUSPAGO SOCIEDADE DE CRÉDITO DIRETO S.A.,14/10/2020
36864992,MAF DTVM SA,484,Não,RSFN,MAF DISTRIBUIDORA DE TÍTULOS E VALORES MOBILIÁRIOS S.A.,20/07/2022
36947229,COBUCCIO S.A. SCFI,402,Não,RSFN,"COBUCCIO S/A - SOCIEDADE DE CRÉDITO, FINANCIAMENTO E INVESTIMENTOS",03/12/2020
37229413,SCFI EFÍ S.A.,507,Não,RSFN,"SOCIEDADE DE CRÉDITO, FINANCIAMENTO E INVESTIMENTO EFÍ S.A.",12/12/2022
37241230,SUMUP SCD S.A.,404,Não,RSFN,SUMUP SOCIEDADE DE CRÉDITO DIRETO S.A.,16/10/2020
37414009,ZIPDIN SCD S.A.,418,Não,RSFN,ZIPDIN SOLUÇÕES DIGITAIS SOCIEDADE DE CRÉDITO DIRETO S/A,26/08/2021
37526080,LEND SCD S.A.,414,Não,RSFN,LEND SOCIEDADE DE CRÉDITO DIRETO S.A.,25/03/2021
37555231,DM,449,Não,RSFN,DM SOCIEDADE DE CRÉDITO DIRETO S.A.,22/10/2021
37679449,MERCADO CRÉDITO SCFI S.A.,518,Não,RSFN,"MERCADO CRÉDITO SOCIEDADE DE CRÉDITO, FINANCIAMENTO E INVESTIMENTO S.A.",30/01/2023
37715993,ACCREDITO SCD S.A.,406,Não,RSFN,ACCREDITO - SOCIEDADE DE CRÉDITO DIRETO S.A.,27/11/2020
37880206,CORA SCD S.A.,403,Não,RSFN,CORA SOCIEDADE DE CRÉDITO DIRETO S.A.,29/09/2020
38129006,NUMBRS SCD S.A.,419,Não,RSFN,NUMBRS SOCIEDADE DE CRÉDITO DIRETO S.A.,18/03/2021
38224857,DELCRED SCD S.A.,435,Sim,RSFN,DELCRED SOCIEDADE DE CRÉDITO DIRETO S.A.,27/08/2021
38429045,FÊNIX DTVM LTDA.,455,Não,RSFN,FÊNIX DISTRIBUIDORA DE TÍTULOS E VALORES MOBILIÁRIOS LTDA.,05/12/2022
38593706,MULTICRED SCD S.A.,544,Não,RSFN,MULTICRED SOCIEDADE DE CRÉDITO DIRETO S.A.,04/09/2023
39343350,CC LAR CREDI,421,Sim,RSFN,LAR COOPERATIVA DE CRÉDITO - LAR CREDI,21/07/2021
39416705,CREDIHOME SCD,443,Não,RSFN,CREDIHOME SOCIEDADE DE CRÉDITO DIRETO S.A.,18/11/2021
39519944,OPEA SCD,535,Não,RSFN,OPEA SOCIEDADE DE CRÉDITO DIRETO S.A.,10/02/2023
39587424,UY3 SCD S/A,457,Não,RSFN,UY3 SOCIEDADE DE CRÉDITO DIRETO S/A,26/10/2021
39664698,CREDSYSTEM SCD S.A.,428,Não,RSFN,CREDSYSTEM SOCIEDADE DE CRÉDITO DIRETO S.A.,20/04/2021
39669186,HEMERA DTVM LTDA.,448,Não,RSFN,HEMERA DISTRIBUIDORA DE TÍTULOS E VALORES MOBILIÁRIOS LTDA.,17/08/2021
39676772,CREDIFIT SCD S.A.,452,Não,RSFN,CREDIFIT SOCIEDADE DE CRÉDITO DIRETO S.A.,15/09/2021
39738065,FFCRED SCD S.A.,510,Não,RSFN,FFCRED SOCIEDADE DE CRÉDITO DIRETO S.A..,30/11/2022
39908427,STARK SCD S.A.,462,Não,RSFN,STARK SOCIEDADE DE CRÉDITO DIRETO S.A.,01/10/2021
40083667,CAPITAL CONSIG SCD S.A.,465,Não,RSFN,CAPITAL CONSIG SOCIEDADE DE CRÉDITO DIRETO S.A.,03/12/2021
40276692,PROTEGE PAY CASH IP S.A.,563,Não,RSFN,PROTEGE PAY CASH INSTITUICAO DE PAGAMENTO S/A,18/09/2023
40303299,PORTOPAR DTVM LTDA,306,Não,RSFN,PORTOPAR DISTRIBUIDORA DE TITULOS E VALORES MOBILIARIOS LTDA.,06/02/2019
40333582,PROSEFTUR,556,Não,RSFN,PROSEFTUR CORRETORA DE CAMBIO S.A,03/08/2023
40353377,FOURTRADE COR. DE CAMBIO LTDA,305,Não,RSFN,FOURTRADE CORRETORA DE CÂMBIO LTDA.,19/02/2024
40434681,AZUMI DTVM,463,Não,RSFN,AZUMI DISTRIBUIDORA DE TíTULOS E VALORES MOBILIáRIOS LTDA.,21/12/2021
40473435,REPASSES FINANCEIROS E SOLUCOES TECNOLOGICAS IP S.A.,590,Não,RSFN,REPASSES FINANCEIROS E SOLUCOES TECNOLOGICAS INSTITUICAO DE PAGAMENTO S.A.,04/03/2024
40475846,J17 - SCD S/A,451,Não,RSFN,J17 - SOCIEDADE DE CRÉDITO DIRETO S/A,18/01/2022
40654622,TRINUS SCD S.A.,444,Não,RSFN,TRINUS SOCIEDADE DE CRÉDITO DIRETO S.A.,09/09/2021
40768766,LIONS TRUST DTVM,519,Não,RSFN,LIONS TRUST DISTRIBUIDORA DE TÍTULOS E VALORES MOBILIÁRIOS LTDA.,12/12/2022
41592532,MÉRITO DTVM LTDA.,454,Não,RSFN,MÉRITO DISTRIBUIDORA DE TÍTULOS E VALORES MOBILIÁRIOS LTDA.,23/11/2021
42047025,UNAVANTI SCD S/A,460,Não,RSFN,UNAVANTI SOCIEDADE DE CRÉDITO DIRETO S/A,18/01/2022
42066258,RJI,506,Não,RSFN,RJI CORRETORA DE TITULOS E VALORES MOBILIARIOS LTDA,21/07/2022
42259084,SBCASH SCD,482,Não,RSFN,SBCASH SOCIEDADE DE CRÉDITO DIRETO S.A.,11/10/2022
42272526,BNY MELLON BCO S.A.,017,Não,RSFN,BNY Mellon Banco S.A.,19/11/2012
43180355,PEFISA S.A. - C.F.I.,174,Não,RSFN,"PEFISA S.A. - CRÉDITO, FINANCIAMENTO E INVESTIMENTO",21/11/2017
43599047,SUPERLÓGICA SCD S.A.,481,Não,RSFN,SUPERLÓGICA SOCIEDADE DE CRÉDITO DIRETO S.A.,29/08/2022
44019481,PEAK SEP S.A.,521,Não,RSFN,PEAK SOCIEDADE DE EMPRÉSTIMO ENTRE PESSOAS S.A.,27/01/2023
44077014,BR-CAPITAL DTVM S.A.,433,Não,RSFN,BR-CAPITAL DISTRIBUIDORA DE TÍTULOS E VALORES MOBILIÁRIOS S.A.,21/06/2021
44189447,BCO LA PROVINCIA B AIRES BCE,495,Não,RSFN,Banco de La Provincia de Buenos Aires,22/04/2002
44292580,HR DIGITAL SCD,523,Não,RSFN,HR DIGITAL - SOCIEDADE DE CRÉDITO DIRETO S/A,15/02/2023
44478623,ATICCA SCD S.A.,527,Não,RSFN,ATICCA - SOCIEDADE DE CRÉDITO DIRETO S.A.,06/02/2023
44683140,MAGNUM SCD,511,Sim,RSFN,MAGNUM SOCIEDADE DE CRÉDITO DIRETO S.A.,22/08/2022
44705774,SOMAPAY SCD S.A.,520,Não,RSFN,SOMAPAY SOCIEDADE DE CRÉDITO DIRETO S.A.,04/09/2023
44728700,ATF CREDIT SCD S.A.,513,Não,RSFN,ATF CREDIT SOCIEDADE DE CRÉDITO DIRETO S.A.,02/12/2022
45246410,BANCO GENIAL,125,Sim,RSFN,BANCO GENIAL S.A.,19/11/2012
45331622,BNK DIGITAL SCD S.A.,547,Não,RSFN,BNK DIGITAL SOCIEDADE DE CRÉDITO DIRETO S.A.,01/06/2023
45745537,EAGLE SCD S.A.,532,Não,RSFN,EAGLE SOCIEDADE DE CRÉDITO DIRETO S.A.,03/04/2023
45756448,MICROCASH SCMEPP LTDA.,537,Não,RSFN,MICROCASH SOCIEDADE DE CRÉDITO AO MICROEMPREENDEDOR E À EMPRESA DE PEQUENO PORTE LTDA.,06/03/2023
45854066,WNT CAPITAL DTVM,524,Não,RSFN,WNT CAPITAL DISTRIBUIDORA DE TÍTULOS E VALORES MOBILIÁRIOS S.A.,01/03/2023
46026562,MONETARIE SCD,526,Não,RSFN,MONETARIE SOCIEDADE DE CRÉDITO DIRETO S.A.,20/01/2023
46518205,JPMORGAN CHASE BANK,488,Não,RSFN,"JPMorgan Chase Bank, National Association",22/04/2002
46955383,QI DTVM LTDA.,558,Não,RSFN,QI DISTRIBUIDORA DE TÍTULOS E VALORES MOBILIÁRIOS LTDA.,04/03/2024
47593544,RED SCD S.A.,522,Não,RSFN,RED SOCIEDADE DE CRÉDITO DIRETO S.A.,27/03/2023
47873449,SER FINANCE SCD S.A.,530,Não,RSFN,SER FINANCE SOCIEDADE DE CRÉDITO DIRETO S.A.,14/03/2023
48703388,EMBRACRED S/A SCD,594,Não,RSFN,EMBRACRED S/A SOCIEDADE DE CRÉDITO DIRETO,11/03/2024
48707451,PERCAPITAL SCD S.A.,553,Não,RSFN,PERCAPITAL SOCIEDADE DE CRÉDITO DIRETO S.A.,21/09/2023
48795256,BCO ANDBANK S.A.,065,Sim,RSFN,Banco AndBank (Brasil) S.A.,22/04/2002
49288113,KANASTRA SCD,559,Não,RSFN,KANASTRA SOCIEDADE DE CRÉDITO DIRETO S.A.,25/09/2023
49555647,QUADRA SCD,579,Não,Internet,QUADRA SOCIEDADE DE CRÉDITO DIRETO S.A.,07/11/2023
49933388,BRCONDOS SCD S.A.,568,Não,RSFN,BRCONDOS SOCIEDADE DE CRÉDITO DIRETO S.A.,08/12/2023
50579044,LEVYCAM CCV LTDA,145,Não,Internet,LEVYCAM - CORRETORA DE CAMBIO E VALORES LTDA.,16/06/2015
50585090,"BCV - BCO, CRÉDITO E VAREJO S.A.",250,Não,RSFN,BCV - BANCO DE CRÉDITO E VAREJO S.A.,22/04/2002
51414521,ALL IN CRED SCD S.A.,572,Não,RSFN,ALL IN CRED SOCIEDADE DE CREDITO DIRETO S.A.,22/12/2023
53518684,BCO HSBC S.A.,269,Não,RSFN,BANCO HSBC S.A.,07/02/2018
54403563,BCO ARBI S.A.,213,Sim,RSFN,Banco Arbi S.A.,22/04/2002
54641030,Câmara B3,0,Não,RSFN,Câmara B3,22/04/2002
55230916,INTESA SANPAOLO BRASIL S.A. BM,139,Não,RSFN,Intesa Sanpaolo Brasil S.A. - Banco Múltiplo,08/05/2015
57839805,BCO TRICURY S.A.,018,Sim,RSFN,Banco Tricury S.A.,05/08/2013
58160789,BCO SAFRA S.A.,422,Sim,RSFN,Banco Safra S.A.,22/04/2002
58497702,BCO LETSBANK S.A.,630,Não,RSFN,BANCO LETSBANK S.A.,22/04/2002
58616418,BCO FIBRA S.A.,224,Sim,RSFN,Banco Fibra S.A.,22/04/2002
59109165,BCO VOLKSWAGEN S.A,393,Não,RSFN,Banco Volkswagen S.A.,17/08/2020
59118133,BCO LUSO BRASILEIRO S.A.,600,Sim,RSFN,Banco Luso Brasileiro S.A.,22/04/2002
59274605,BCO GM S.A.,390,Não,RSFN,BANCO GM S.A.,22/07/2020
59285411,BANCO PAN,623,Sim,RSFN,Banco Pan S.A.,22/04/2002
59588111,BCO VOTORANTIM S.A.,655,Sim,RSFN,Banco Votorantim S.A.,22/04/2002
60394079,BCO ITAUBANK S.A.,479,Não,RSFN,Banco ItauBank S.A.,22/04/2002
60498557,BCO MUFG BRASIL S.A.,456,Sim,RSFN,Banco MUFG Brasil S.A.,22/04/2002
60518222,BCO SUMITOMO MITSUI BRASIL S.A.,464,Não,RSFN,Banco Sumitomo Mitsui Brasileiro S.A.,22/04/2002
60701190,ITAÚ UNIBANCO S.A.,341,Sim,RSFN,ITAÚ UNIBANCO S.A.,22/04/2002
60746948,BCO BRADESCO S.A.,237,Sim,RSFN,Banco Bradesco S.A.,22/04/2002
60814191,BCO MERCEDES-BENZ S.A.,381,Não,RSFN,BANCO MERCEDES-BENZ DO BRASIL S.A.,25/05/2020
60850229,OMNI BANCO S.A.,613,Sim,RSFN,Omni Banco S.A.,22/04/2002
60889128,BCO SOFISA S.A.,637,Sim,RSFN,BANCO SOFISA S.A.,22/04/2002
60934221,Câmbio B3,0,Não,RSFN,Câmara de Câmbio B3,22/04/2002
61024352,BANCO VOITER,653,Não,RSFN,BANCO VOITER S.A.,22/04/2002
61033106,BCO CREFISA S.A.,069,Sim,RSFN,Banco Crefisa S.A.,18/11/2005
61088183,BCO MIZUHO S.A.,370,Não,RSFN,Banco Mizuho do Brasil S.A.,22/04/2002
61182408,BANCO INVESTCRED UNIBANCO S.A.,249,Sim,RSFN,Banco Investcred Unibanco S.A.,22/04/2002
61186680,BCO BMG S.A.,318,Sim,RSFN,Banco BMG S.A.,22/04/2002
61348538,BCO C6 CONSIG,626,Não,RSFN,BANCO C6 CONSIGNADO S.A.,22/04/2002
61384004,AVENUE SECURITIES DTVM LTDA.,508,Não,RSFN,AVENUE SECURITIES DISTRIBUIDORA DE TÍTULOS E VALORES MOBILIÁRIOS LTDA.,18/08/2022
61533584,BCO SOCIETE GENERALE BRASIL,366,Sim,RSFN,BANCO SOCIETE GENERALE BRASIL S.A.,22/04/2002
61723847,NEON CTVM S.A.,113,Não,RSFN,NEON CORRETORA DE TÍTULOS E VALORES MOBILIÁRIOS S.A.,28/11/2011
61747085,TULLETT PREBON BRASIL CVC LTDA,131,Não,RSFN,TULLETT PREBON BRASIL CORRETORA DE VALORES E CÂMBIO LTDA,15/07/2013
61809182,C.SUISSE HEDGING-GRIFFO CV S/A,011,Não,RSFN,CREDIT SUISSE HEDGING-GRIFFO CORRETORA DE VALORES S.A,28/06/2011
61820817,BCO PAULISTA S.A.,611,Sim,RSFN,Banco Paulista S.A.,22/04/2002
62073200,BOFA MERRILL LYNCH BM S.A.,755,Sim,RSFN,Bank of America Merrill Lynch Banco Múltiplo S.A.,09/11/2007
62109566,CREDISAN CC,089,Sim,RSFN,CREDISAN COOPERATIVA DE CRÉDITO,30/08/2010
62144175,BCO PINE S.A.,643,Sim,RSFN,Banco Pine S.A.,22/04/2002
62169875,NU INVEST CORRETORA DE VALORES S.A.,140,Não,RSFN,NU INVEST CORRETORA DE VALORES S.A.,26/05/2015
62232889,BCO DAYCOVAL S.A,707,Sim,RSFN,Banco Daycoval S.A.,22/04/2002
62237649,CAROL DTVM LTDA.,288,Não,Internet,CAROL DISTRIBUIDORA DE TITULOS E VALORES MOBILIARIOS LTDA.,05/07/2018
62285390,SINGULARE CTVM S.A.,363,Não,RSFN,SINGULARE CORRETORA DE TÍTULOS E VALORES MOBILIÁRIOS S.A.,01/06/2020
62287735,RENASCENCA DTVM LTDA,101,Não,RSFN,RENASCENCA DISTRIBUIDORA DE TÍTULOS E VALORES MOBILIÁRIOS LTDA,22/04/2010
62331228,DEUTSCHE BANK S.A.BCO ALEMAO,487,Sim,RSFN,DEUTSCHE BANK S.A. - BANCO ALEMAO,22/04/2002
62421979,BANCO CIFRA,233,Não,RSFN,Banco Cifra S.A.,22/04/2002
65913436,GUIDE,177,Não,RSFN,Guide Investimentos S.A. Corretora de Valores,08/05/2017
67030395,TRUSTEE DTVM LTDA.,438,Não,RSFN,TRUSTEE DISTRIBUIDORA DE TÍTULOS E VALORES MOBILIÁRIOS LTDA.,04/05/2021
68757681,SIMPAUL,365,Não,RSFN,SIMPAUL CORRETORA DE CAMBIO E VALORES MOBILIARIOS  S.A.,17/03/2020
68900810,BCO RENDIMENTO S.A.,633,Sim,RSFN,Banco Rendimento S.A.,22/04/2002
70119680,CENTRAL SICREDI NORDESTE,581,Não,RSFN,"COOPERATIVA CENTRAL DE CRÉDITO, POUPANÇA E INVESTIMENTO DO NORDESTE - CENTRAL SICREDI NORDESTE",22/03/2024
71027866,BCO BS2 S.A.,218,Sim,RSFN,Banco BS2 S.A.,22/04/2002
71590442,LASTRO RDV DTVM LTDA,293,Não,Internet,Lastro RDV Distribuidora de Títulos e Valores Mobiliários Ltda.,10/09/2018
71677850,FRENTE CC S.A.,285,Não,RSFN,FRENTE CORRETORA DE CÂMBIO S.A.,25/09/2018
73302408,EXIM CC LTDA.,514,Não,Internet,EXIM CORRETORA DE CAMBIO LTDA,01/11/2023
73622748,B&T CC LTDA.,080,Não,RSFN,B&T CORRETORA DE CAMBIO LTDA.,18/11/2010
74014747,ÁGORA CTVM S.A.,565,Não,RSFN,ÁGORA CORRETORA DE TITULOS E VALORES MOBILIARIOS S.A.,20/11/2023
74828799,NOVO BCO CONTINENTAL S.A. - BM,753,Sim,RSFN,Novo Banco Continental S.A. - Banco Múltiplo,22/04/2002
75647891,BCO CRÉDIT AGRICOLE BR S.A.,222,Sim,RSFN,BANCO CRÉDIT AGRICOLE BRASIL S.A.,22/04/2002
76461557,CCR COOPAVEL,281,Sim,RSFN,Cooperativa de Crédito Rural Coopavel,05/11/2018
76543115,BANCO SISTEMA,754,Não,RSFN,Banco Sistema S.A.,15/07/2015
78157146,CREDIALIANÇA CCR,098,Sim,RSFN,Credialiança Cooperativa de Crédito Rural,18/01/2011
78626983,BCO VR S.A.,610,Sim,RSFN,Banco VR S.A.,22/04/2002
78632767,BCO OURINVEST S.A.,712,Não,RSFN,Banco Ourinvest S.A.,28/01/2014
80230774,"CCC POUP E INV DOS ESTADOS DO PR, SP E RJ",584,Não,RSFN,"COOPERATIVA CENTRAL DE CRÉDITO, POUPANÇA E INVESTIMENTO DOS ESTADOS DO PARANÁ, SÃO PAULO E RIO DE JANEIRO - CENTRAL SICREDI PR/SP/RJ",28/02/2024
80271455,BCO RNX S.A.,720,Não,RSFN,BANCO RNX S.A.,24/02/2021
81723108,CREDICOAMO,010,Sim,RSFN,CREDICOAMO CREDITO RURAL COOPERATIVA,10/12/2012
82096447,CREDIBRF COOP,440,Não,RSFN,CREDIBRF - COOPERATIVA DE CRÉDITO,02/09/2021
87437687,CCCPOUPINV SUL E SUDESTE - CENTRAL SICREDI SUL/SUDESTE,580,Não,RSFN,"COOPERATIVA CENTRAL DE CRÉDITO, POUPANÇA E INVESTIMENTO DO SUL E SUDESTE - CENTRAL SICREDI SUL/SUDESTE",21/02/2024
89960090,RB INVESTIMENTOS DTVM LTDA.,283,Não,RSFN,RB INVESTIMENTOS DISTRIBUIDORA DE TITULOS E VALORES MOBILIARIOS LIMITADA,05/07/2018
90400888,BCO SANTANDER (BRASIL) S.A.,033,Sim,RSFN,BANCO SANTANDER (BRASIL) S.A.,22/04/2002
91884981,BANCO JOHN DEERE S.A.,217,Não,RSFN,Banco John Deere S.A.,22/04/2002
92702067,BCO DO ESTADO DO RS S.A.,041,Sim,RSFN,Banco do Estado do Rio Grande do Sul S.A.,22/04/2002
92825397,COOPCRECE,543,Não,RSFN,COOPERATIVA DE ECONOMIA E CRÉDITO MÚTUO DOS ELETRICITÁRIOS E DOS TRABALHADORES DAS EMPRESAS DO SETOR DE ENERGIA - COOPCRECE,23/06/2023
92856905,ADVANCED CC LTDA,117,Não,RSFN,ADVANCED CORRETORA DE CÂMBIO LTDA,03/10/2011
92874270,BCO DIGIMAIS S.A.,654,Sim,RSFN,BANCO DIGIMAIS S.A.,22/04/2002
92875780,WARREN CVMC LTDA,371,Não,RSFN,WARREN CORRETORA DE VALORES MOBILIÁRIOS E CÂMBIO LTDA.,13/05/2020
92894922,BANCO ORIGINAL,212,Sim,RSFN,Banco Original S.A.,22/04/2002
94968518,EFX CC LTDA.,289,Não,RSFN,EFX CORRETORA DE CÂMBIO LTDA.,14/03/2019
